{"cameraMode":{"drawMode":0,"name":"Shaded","section":"Shading Mode"},"sceneLighting":true,"audioPlay":false,"sceneViewState":{"showFog":true,"showMaterialUpdate":false,"showSkybox":true,"showFlares":true,"showImageEffects":true,"showParticleSystems":true,"showVisualEffectGraphs":true,"m_FxEnabled":true},"in2DMode":false,"pivot":{"x":1.5823006629943848,"y":-4.2325849533081059,"z":10.950551986694336},"rotation":{"x":-0.13036185503005982,"y":-0.03360316902399063,"z":0.0044367085210978989,"w":-0.9908921718597412},"size":16.38269805908203,"orthographic":false}